{
  "project_info": {
    "project_number": "30021193697",
    "project_id": "together-we-rise",
    "storage_bucket": "together-we-rise.appspot.com"
  },
  "client": [
    {
      "client_info": {
        "mobilesdk_app_id": "1:30021193697:android:4f88b900f81e17aab9cca0",
        "android_client_info": {
          "package_name": "com.ymm.together_we_rise"
        }
      },
      "oauth_client": [
        {
          "client_id": "30021193697-aptpbcfs234a48tkdics12lg19ohoro1.apps.googleusercontent.com",
          "client_type": 3
        }
      ],
      "api_key": [
        {
          "current_key": "AIzaSyBVtBm_gU2GppQf7mobnhwQo-7_BxPYKXE"
        }
      ],
      "services": {
        "appinvite_service": {
          "other_platform_oauth_client": [
            {
              "client_id": "30021193697-aptpbcfs234a48tkdics12lg19ohoro1.apps.googleusercontent.com",
              "client_type": 3
            },
            {
              "client_id": "30021193697-hu4868mkj2lqsui3239g6uulcajgk6oe.apps.googleusercontent.com",
              "client_type": 2,
              "ios_info": {
                "bundle_id": "com.ymm.togetherWeRise"
              }
            }
          ]
        }
      }
    }
  ],
  "configuration_version": "1"
}